name,hidden_name
AMPHIT1_20150709_084105_000.wav,file5e5749e54e36.wav
AMPHIT1_20150710_064105_000.wav,file5e576d71e120.wav
AMPHIT1_20150710_065105_000.wav,file5e574f733402.wav
AMPHIT1_20150711_061105_000.wav,file5e57145b980e.wav
AMPHIT1_20150711_062105_000.wav,file5e5795bc993.wav
AMPHIT1_20150711_064105_000.wav,file5e57690ed6b1.wav
AMPHIT1_20150711_090105_000.wav,file5e574d313459.wav
AMPHIT1_20150712_070105_000.wav,file5e575963e6a6.wav
AMPHIT1_20150712_073105_000.wav,file5e572dbbca23.wav
AMPHIT1_20150712_081105_000.wav,file5e573d3d74a.wav
AMPHIT1_20150712_090105_000.wav,file5e5748db3d3c.wav
AMPHIT2_20150709_091105_000.wav,file5e5731915382.wav
AMPHIT2_20150710_071105_000.wav,file5e573c01953a.wav
AMPHIT2_20150710_080105_000.wav,file5e57bec319d.wav
AMPHIT2_20150710_085105_000.wav,file5e573fad4088.wav
AMPHIT2_20150711_063105_000.wav,file5e57767c161.wav
AMPHIT2_20150711_070105_000.wav,file5e572cc8cb13.wav
AMPHIT2_20150712_072105_000.wav,file5e57328c635d.wav
BARRET1_20150709_063105_000.wav,file5e571ecf8898.wav
BARRET1_20150709_080105_000.wav,file5e574b10c2f5.wav
BARRET1_20150709_081105_000.wav,file5e57396f8953.wav
BARRET1_20150709_083105_000.wav,file5e5749a0c59a.wav
BARRET1_20150709_091105_000.wav,file5e575a0d2739.wav
BARRET1_20150711_062105_000.wav,file5e57158a3d5f.wav
BARRET1_20150711_075105_000.wav,file5e5726c33305.wav
BARRET1_20150711_085105_000.wav,file5e57594aa124.wav
BARRET1_20150712_091105_000.wav,file5e5732997048.wav
BARRET2_20150708_085105_000.wav,file5e57779aa0eb.wav
BARRET2_20150709_080105_000.wav,file5e5748bae1a5.wav
BARRET2_20150709_083105_000.wav,file5e5765343cf0.wav
BARRET2_20150710_084105_000.wav,file5e57488ce478.wav
BARRET2_20150710_091105_000.wav,file5e5719eba77e.wav
BARRET2_20150711_070105_000.wav,file5e573e414e7d.wav
BARRET2_20150711_074105_000.wav,file5e5731881079.wav
BARRET2_20150712_065105_000.wav,file5e575bf19156.wav
BARRET2_20150712_071105_000.wav,file5e57507cd442.wav
BARRET2_20150712_084105_000.wav,file5e5733536256.wav
CENTER1_20150709_074105_000.wav,file5e57275d166d.wav
CENTER1_20150710_065105_000.wav,file5e57506b624b.wav
CENTER1_20150710_082105_000.wav,file5e573a02532c.wav
CENTER1_20150711_071105_000.wav,file5e576ea28b74.wav
CENTER1_20150711_072105_000.wav,file5e577171a56a.wav
CENTER1_20150711_080105_000.wav,file5e575c230c55.wav
CENTER1_20150712_062105_000.wav,file5e57fecfb5.wav
CENTER1_20150712_075105_000.wav,file5e5758f67495.wav
CENTER1_20150712_080105_000.wav,file5e571c600fd4.wav
CENTER1_20150712_085105_000.wav,file5e5766af35d9.wav
CENTER1_20150712_090105_000.wav,file5e5778f86e39.wav
CENTER1_20150712_091105_000.wav,file5e577e0c9e3a.wav
CENTER2_20150710_072105_000.wav,file5e576e68327c.wav
CENTER2_20150710_075105_000.wav,file5e577acaa384.wav
CENTER2_20150710_085105_000.wav,file5e57db56e17.wav
CENTER2_20150711_063105_000.wav,file5e5724eaf09.wav
CENTER2_20150711_065105_000.wav,file5e577bc5790d.wav
CENTER2_20150711_070105_000.wav,file5e57618e83f6.wav
CENTER2_20150711_073105_000.wav,file5e575379bd83.wav
CENTER2_20150712_073105_000.wav,file5e575d890e45.wav
UPKERN1_20150710_061806_000.wav,file5e57510803fc.wav
UPKERN1_20150710_064806_000.wav,file5e57653dbef3.wav
UPKERN1_20150711_062805_000.wav,file5e5738c37772.wav
UPKERN1_20150711_074805_000.wav,file5e5728d6fa7b.wav
UPKERN1_20150711_083805_000.wav,file5e5739d6b62f.wav
UPKERN1_20150712_070805_000.wav,file5e573f52e553.wav
UPKERN1_20150712_072805_000.wav,file5e575b4dcc9f.wav
UPKERN1_20150712_075805_000.wav,file5e5750b5098d.wav
UPKERN2_20150708_061805_000.wav,file5e571d863160.wav
UPKERN2_20150708_065805_000.wav,file5e575513a4c4.wav
UPKERN2_20150709_061805_000.wav,file5e577ca66b7e.wav
UPKERN2_20150709_063805_000.wav,file5e5711db5d21.wav
UPKERN2_20150709_064805_000.wav,file5e5758bf2aaf.wav
UPKERN2_20150709_081805_000.wav,file5e576e8b74ad.wav
UPKERN2_20150710_062805_000.wav,file5e57599428e.wav
UPKERN2_20150710_075805_000.wav,file5e5710e07b81.wav
UPKERN2_20150710_090805_000.wav,file5e571cc5acf.wav
UPKERN2_20150711_065805_000.wav,file5e57f5dccf5.wav
UPKERN2_20150711_071805_000.wav,file5e57573af0b4.wav
UPKERN2_20150712_061805_000.wav,file5e575e90e629.wav
UPKERN2_20150712_085805_000.wav,file5e577af6be3f.wav
UPKERN2_20150712_090805_000.wav,file5e575d44592a.wav
WRIGHT1_20150709_073805_000.wav,file5e57323a043c.wav
WRIGHT1_20150709_075805_000.wav,file5e577eec18e6.wav
WRIGHT1_20150709_084805_000.wav,file5e573e56e523.wav
WRIGHT1_20150710_063805_000.wav,file5e573add7cce.wav
WRIGHT1_20150710_085805_000.wav,file5e57232cd693.wav
WRIGHT1_20150711_065805_000.wav,file5e5754bb5eef.wav
WRIGHT1_20150711_080805_000.wav,file5e575955c85e.wav
WRIGHT1_20150711_082805_000.wav,file5e57ed5c124.wav
WRIGHT2_20150709_064805_000.wav,file5e57737b2a17.wav
WRIGHT2_20150709_081805_000.wav,file5e571b08873c.wav
WRIGHT2_20150709_082805_000.wav,file5e574ce68201.wav
WRIGHT2_20150709_084805_000.wav,file5e5731613718.wav
WRIGHT2_20150710_081805_000.wav,file5e57656821fb.wav
WRIGHT2_20150711_061805_000.wav,file5e57178f19c0.wav
WRIGHT2_20150711_070805_000.wav,file5e5733e39855.wav
WRIGHT2_20150711_082805_000.wav,file5e5723260f10.wav
WRIGHT2_20150711_083805_000.wav,file5e5717a6f577.wav
WRIGHT2_20150712_060805_000.wav,file5e57523d63c2.wav
WRIGHT2_20150712_063805_000.wav,file5e573c607fbc.wav
WRIGHT2_20150712_073805_000.wav,file5e5763622e9b.wav
WRIGHT2_20150712_090805_000.wav,file5e5742e1f516.wav