Site,basin,fish,Timestamp,day,time,Yr,Mo,Day,Hr,Min,Sec,ACIout,BKdB_low,BKdB_bird,avgAMP,L10AMP,Hf,Ht,EI,Rough,ADI_step,Eveness_step,AR,wind
BARRET1,BARRET,fishless,2015-07-12T09:10:00Z,2015-07-12,09:10:00,2015,7,12,9,10,0,0.196055922651695,53.2155397432054,30.1073177214505,0.422764595541011,0.320667234263285,0.918588459111905,0.996257110718077,0.915150284213797,1.33734809027778,1.81102931798117,0.450793650793651,0.68495867768595,FALSE
BARRET1,BARRET,fishless,2015-07-09T08:00:00Z,2015-07-09,08:00:00,2015,7,9,8,0,0,0.123811556117477,43.7712099335555,38.2713954428545,0.41245752147381,0.400903180675611,0.871199427272023,0.999356141596066,0.870638498199271,0.33482088522861,1.16828245017656,0.711111111111111,0.570247933884298,FALSE
BARRET2,BARRET,fish,2015-07-12T07:10:00Z,2015-07-12,07:10:00,2015,7,12,7,10,0,0.228643220252074,37.7872695682548,32.4560974793914,0.349499617867076,0.332080017641069,0.990690053874698,0.9934886593148,0.984239333420481,0.645853835788581,1.10285925870267,0.742063492063492,3.5395041322314,FALSE
UPKERN1,UPKERN,fishless,2015-07-11T07:50:00Z,2015-07-11,07:50:00,2015,7,11,7,50,0,0.21030621777103,34.4177294733976,30.2618209899229,0.326010687993622,0.315886661138161,0.947390452586832,0.930280542971958,0.881338904638927,1.11307813846596,0.363043582645852,0.85679012345679,0.348099173553719,FALSE
CENTER1,CENTER,fishless,2015-07-11T07:10:00Z,2015-07-11,07:10:00,2015,7,11,7,10,0,0.505108058942751,33.7028517335555,31.1351287301423,0.321293468340268,0.307560189093558,0.926829110223647,0.838629407200558,0.777266147283078,10.7677371674281,1.75735959054009,0.446633825944171,0.148099173553719,FALSE
AMPHIT1,AMPHIT,fishless,2015-07-11T06:20:00Z,2015-07-11,06:20:00,2015,7,11,6,20,0,0.417350431772258,29.5145263711453,30.9984880134286,0.306265160532464,0.294818251406142,0.923625036309641,0.889105356248293,0.821199966947926,9.16179193167906,1.9490065925357,0.311111111111111,0.035702479338843,FALSE
UPKERN2,UPKERN,fish,2015-07-12T09:00:00Z,2015-07-12,09:00:00,2015,7,12,9,0,0,0.396256915887209,43.757919308614,23.2178337479797,0.379686846847967,0.299126040380214,0.953370634434404,0.969777816000616,0.924557691700918,3.40105,1.60701327367373,0.579365079365079,0.0218181818181818,FALSE
CENTER2,CENTER,fish,2015-07-11T07:30:00Z,2015-07-11,07:30:00,2015,7,11,7,30,0,0.867645146777557,36.3985928492541,47.9738361025291,0.348383817365028,0.323531796671407,0.48883532351524,0.344102477320552,0.168209445823388,17.8671866675774,1.80249087382936,0.484848484848485,0.247603305785124,FALSE
WRIGHT2,WRIGHT,fish,2015-07-11T08:30:00Z,2015-07-11,08:30:00,2015,7,11,8,30,0,0.193156764003146,48.593166014705,29.1765070731562,0.393073834487261,0.303103315373305,0.808323562450782,0.999502008285239,0.807921024013835,1.45701181780679,1.19427268434832,0.701754385964912,1.99933884297521,FALSE
UPKERN2,UPKERN,fish,2015-07-08T07:00:00Z,2015-07-08,07:00:00,2015,7,8,7,0,0,0.460246735536011,52.1650169674644,25.4419927917672,0.407863822477269,0.283471105775304,0.920765364068316,0.977836435717211,0.900357921732422,3.0060546875,1.14151243651771,0.73047304730473,0.462809917355372,FALSE
UPKERN2,UPKERN,fish,2015-07-12T09:10:00Z,2015-07-12,09:10:00,2015,7,12,9,10,0,0.342867373353444,44.894390554493,22.7048850350579,0.365861519159795,0.28544984143323,0.945382212832974,0.997835545167388,0.943335975733743,2.97860995721992,1.22919147585242,0.702508960573477,0.527603305785124,FALSE
WRIGHT2,WRIGHT,fish,2015-07-09T08:20:00Z,2015-07-09,08:20:00,2015,7,9,8,20,0,0.235147109190476,48.8769223796724,28.4003112818498,0.382423840749496,0.309804661567666,0.890250681635174,0.998220291348945,0.88866629479546,1.70729719338716,1.55405559688808,0.585185185185185,1.00561983471074,FALSE
AMPHIT1,AMPHIT,fishless,2015-07-11T06:10:00Z,2015-07-11,06:10:00,2015,7,11,6,10,0,0.133072394393523,28.9804623758934,28.5000160991343,0.300787580362101,0.29227907173843,0.855933985511563,0.999977625167491,0.855914834131998,0.647698875468556,0,NaN,0.0459504132231405,FALSE
AMPHIT1,AMPHIT,fishless,2015-07-10T06:40:00Z,2015-07-10,06:40:00,2015,7,10,6,40,0,0.450707109003425,44.6186785931445,34.5686919822916,0.359528554435651,0.302530028706907,0.556231278072002,0.701739602216253,0.390329515814485,1.53520313942752,1.27182520290683,0.652601969057665,0.0971900826446281,FALSE
BARRET2,BARRET,fish,2015-07-12T06:50:00Z,2015-07-12,06:50:00,2015,7,12,6,50,0,0.252679601549315,53.3832363709426,30.2185723983347,0.469170031163578,0.376522118619503,0.966389101331771,0.988957618665181,0.955717864357053,1.22851340728448,1.396566591495,0.603773584905661,1.32363636363636,FALSE
WRIGHT2,WRIGHT,fish,2015-07-09T08:50:00Z,2015-07-09,08:50:00,2015,7,9,8,50,0,0.532457844011267,56.0546945004148,34.901229139362,0.446928366484567,0.323058662250761,0.57406806648608,0.842025276284323,0.483379822288949,3.44646346667865,1.14206375560229,0.730960086299892,0.674380165289256,FALSE
CENTER2,CENTER,fish,2015-07-10T08:50:00Z,2015-07-10,08:50:00,2015,7,10,8,50,0,0.215509275179821,36.6377052236539,29.6766025430514,0.336533801632238,0.321900322196668,0.946978954315014,0.992714641341299,0.940079872990588,1.40448035461291,1.23593614564743,0.691358024691358,0.927272727272727,FALSE
BARRET2,BARRET,fish,2015-07-10T09:10:00Z,2015-07-10,09:10:00,2015,7,10,9,10,0,0.267096343799094,44.862782466524,31.7602607980409,0.383957058193461,0.341254683380048,0.93436963051868,0.945823261985744,0.883748531837593,1.78057870335863,1.21158152552203,0.71260086902545,0.947768595041322,FALSE
BARRET2,BARRET,fish,2015-07-08T08:50:00Z,2015-07-08,08:50:00,2015,7,8,8,50,0,0.41055822254599,57.2456066926359,30.5611677702121,0.434820023807025,0.319153929053853,0.896831478040515,0.954392594232359,0.855929320916328,2.20289870449554,1.22844605677753,0.672738312082574,0.418181818181818,FALSE
CENTER1,CENTER,fishless,2015-07-12T06:20:00Z,2015-07-12,06:20:00,2015,7,12,6,20,0,0.165317467256145,32.3846508946381,27.9954325231537,0.310881454670918,0.297414209127965,0.905342770526019,0.998594504212892,0.904070315076156,1.27095486111111,1.04335342694229,0.722222222222222,0.334545454545455,FALSE
CENTER1,CENTER,fishless,2015-07-12T08:50:00Z,2015-07-12,08:50:00,2015,7,12,8,50,0,0.163894703615528,52.8623691880357,28.3792184157771,0.40697593953464,0.306657389856509,0.853488627447327,0.999325007954946,0.852912529413256,1.62536904419446,1.51710639706103,0.574074074074074,1.52264462809917,FALSE
AMPHIT1,AMPHIT,fishless,2015-07-12T09:00:00Z,2015-07-12,09:00:00,2015,7,12,9,0,0,0.186236174197299,34.7092680100563,28.9348733044234,0.318303975600019,0.293777079681442,0.836067393953523,0.996479936799695,0.833124383887092,2.03494861966063,1.58378348982683,0.576388888888889,0.799669421487603,FALSE
UPKERN2,UPKERN,fish,2015-07-10T06:30:00Z,2015-07-10,06:30:00,2015,7,10,6,30,0,0.196638131137531,31.4606552086966,26.4762127099498,0.28177274239215,0.27650473815892,0.879062149600298,0.999154362840508,0.878318781981093,0.941420628083639,0.655975732336547,0.825396825396825,1.55305785123967,FALSE
UPKERN2,UPKERN,fish,2015-07-12T06:20:00Z,2015-07-12,06:20:00,2015,7,12,6,20,0,0.202006005302276,35.8722240420721,25.6791772091794,0.308685062457939,0.277707121627758,0.876057481613913,0.999650133123844,0.875750978119488,1.31128099173554,0,NaN,3.9596694214876,FALSE
CENTER1,CENTER,fishless,2015-07-12T09:10:00Z,2015-07-12,09:10:00,2015,7,12,9,10,0,0.226548691773806,58.6833530868584,29.0243122627956,0.491157417245881,0.363991344028726,0.837151231937738,0.988937497264548,0.82789024414444,1.60439909297052,1.28564530710317,0.674199623352166,1.88264462809917,FALSE
CENTER1,CENTER,fishless,2015-07-12T07:50:00Z,2015-07-12,07:50:00,2015,7,12,7,50,0,0.591410547789909,52.9968887945181,30.2513381663849,0.410674958161457,0.303248846585256,0.930070212090039,0.898331269573796,0.835511154419615,3.26588866973482,1.60188881215345,0.548922056384743,0.0846280991735537,FALSE
AMPHIT1,AMPHIT,fishless,2015-07-11T09:00:00Z,2015-07-11,09:00:00,2015,7,11,9,0,0,0.181109052672502,37.1291554563077,29.1063950734253,0.320909430970458,0.288960891299726,0.83587536888577,0.983089167361466,0.821740020415869,1.8227086316096,2.04673853269455,0.208333333333333,0.741818181818182,FALSE
CENTER2,CENTER,fish,2015-07-11T06:30:00Z,2015-07-11,06:30:00,2015,7,11,6,30,0,0.590238985037046,36.601007487755,45.7653392882868,0.348144421433431,0.324712518772058,0.419175663533577,0.389770404389426,0.163382267885688,16.6228790283203,1.99597484865588,0.336472065285625,0.340495867768595,FALSE
BARRET2,BARRET,fish,2015-07-11T07:00:00Z,2015-07-11,07:00:00,2015,7,11,7,0,0,0.237579539419845,36.8897313754721,33.3844800982554,0.350273985878983,0.339727979368286,0.992749090452598,0.989905207412293,0.982727494292843,1.33699344281664,1.55147958653859,0.586666666666667,3.40363636363636,FALSE
AMPHIT2,AMPHIT,fish,2015-07-09T09:10:00Z,2015-07-09,09:10:00,2015,7,9,9,10,0,0.193529175544017,53.1189746179385,31.2097480424023,0.417827985013481,0.363580222638387,0.952088221059287,0.990672671435404,0.943207781398985,0.826634109691961,1.11868384229555,0.722222222222222,0.885619834710744,FALSE
CENTER2,CENTER,fish,2015-07-12T07:30:00Z,2015-07-12,07:30:00,2015,7,12,7,30,0,0.250591670844529,50.4921398242723,29.3893072742867,0.351962035514014,0.316175963691966,0.925306961680469,0.981129625938364,0.907846073191722,2.4588414945906,1.74760127617352,0.488215488215488,0.108429752066116,FALSE
AMPHIT2,AMPHIT,fish,2015-07-11T07:00:00Z,2015-07-11,07:00:00,2015,7,11,7,0,0,0.196017854721926,39.2383362255757,31.3449582147787,0.366141905569961,0.36017270818782,0.943198038669983,0.99741925122107,0.940763881483396,1.01109734344576,1.39877281643863,0.6415770609319,2.08925619834711,FALSE
UPKERN2,UPKERN,fish,2015-07-10T08:00:00Z,2015-07-10,08:00:00,2015,7,10,8,0,0,0.269647722131262,31.3888777860043,25.033477843664,0.278799135645276,0.268635483910634,0.923049427600359,0.997001505731216,0.920281669181896,1.81562669099937,1.39892039375942,0.64327485380117,0.325289256198347,FALSE
CENTER1,CENTER,fishless,2015-07-10T06:50:00Z,2015-07-10,06:50:00,2015,7,10,6,50,0,0.291583726606889,40.0357565384061,28.7066346294172,0.335799411261609,0.301450678060895,0.942627869018352,0.967337743251469,0.911839515542154,2.85400999615532,1.56175670561465,0.582375478927203,0.430413223140496,FALSE
CENTER1,CENTER,fishless,2015-07-09T07:40:00Z,2015-07-09,07:40:00,2015,7,9,7,40,0,0.232340533663368,54.7300256722757,28.5728072105233,0.374633615796914,0.302094365239896,0.910164987237093,0.986886392657379,0.898229440977465,1.16581726074219,1.61669022602537,0.551282051282051,0.899173553719008,FALSE
UPKERN1,UPKERN,fishless,2015-07-10T06:50:00Z,2015-07-10,06:50:00,2015,7,10,6,50,0,0.185005194094821,35.7308707601233,29.3395505760473,0.331606467518926,0.313574352734331,0.96451743082475,0.998029482719629,0.962616832560091,1.03873546934736,1.21786246637135,0.692307692307693,1.39371900826446,FALSE
AMPHIT1,AMPHIT,fishless,2015-07-12T07:30:00Z,2015-07-12,07:30:00,2015,7,12,7,30,0,0.135065869398743,34.1015074284953,28.5394361529557,0.318688990559323,0.30076540166685,0.854175744975225,0.999974923174529,0.854154324959146,0.608439187291283,0,NaN,0.327933884297521,FALSE
BARRET1,BARRET,fishless,2015-07-11T08:50:00Z,2015-07-11,08:50:00,2015,7,11,8,50,0,0.331133829227739,46.7372648676254,48.1280839655958,0.368723571080741,0.322693823799717,0.292859673305366,0.241963215229406,0.0708612681639998,2.01554863683817,1.76597000457218,0.48424543946932,0.0155371900826446,FALSE
UPKERN2,UPKERN,fish,2015-07-09T06:20:00Z,2015-07-09,06:20:00,2015,7,9,6,20,0,0.234572270450612,32.0013966027976,26.5978536475864,0.284801360587302,0.276053810029062,0.886000050155394,0.996672604563683,0.883051977631931,1.18929775838127,1.14350936174431,0.72,2.09454545454545,FALSE
BARRET2,BARRET,fish,2015-07-09T08:00:00Z,2015-07-09,08:00:00,2015,7,9,8,0,0,0.393478653072085,47.6052960498503,33.9010521578992,0.410051487364355,0.365378099114732,0.934944632625594,0.891358690747598,0.833371023658644,1.98003377744417,1.37731780249145,0.660939289805269,0.059504132231405,FALSE
WRIGHT1,WRIGHT,fishless,2015-07-09T07:40:00Z,2015-07-09,07:40:00,2015,7,9,7,40,0,0.148928101791841,54.2125063013107,28.4729207217921,0.447725378914959,0.363271444059782,0.88643890307099,0.999933552922179,0.886380001796214,1.09209695745487,0.693147180559945,0.777777777777778,1.21652892561983,FALSE
WRIGHT2,WRIGHT,fish,2015-07-12T06:40:00Z,2015-07-12,06:40:00,2015,7,12,6,40,0,0.200499353890107,38.8215897339637,28.1303565036932,0.331086979600545,0.296214063156881,0.89692561661492,0.998660997967211,0.895724631391012,1.81584775086505,1.22892105115725,0.691358024691358,0.0575206611570248,FALSE
WRIGHT2,WRIGHT,fish,2015-07-11T06:20:00Z,2015-07-11,06:20:00,2015,7,11,6,20,0,0.21288241369751,55.2837470313951,28.3433301603793,0.390253123553964,0.306110178429649,0.904873863238598,0.998183739435521,0.90323037652497,1.393645314622,1.10234527388423,0.717948717948718,0.23603305785124,FALSE
CENTER2,CENTER,fish,2015-07-11T06:50:00Z,2015-07-11,06:50:00,2015,7,11,6,50,0,1.22175389266932,37.143752035629,53.0649796494503,0.363274781700571,0.329723462081295,0.39370348693488,0.486502609886885,0.191537773915386,36.7216709141274,2.12166048746566,0.193528693528693,0.590082644628099,FALSE
AMPHIT2,AMPHIT,fish,2015-07-10T07:10:00Z,2015-07-10,07:10:00,2015,7,10,7,10,0,0.625023711409522,40.6531273206222,38.6184977055193,0.38344372133922,0.372696700061623,0.8437534189392,0.659970769751607,0.556852593377854,15.8576365560333,1.62342332897048,0.537421694691725,0.0350413223140496,FALSE
CENTER1,CENTER,fishless,2015-07-11T07:20:00Z,2015-07-11,07:20:00,2015,7,11,7,20,0,0.436481600519166,40.957940048874804,29.3962453730918,0.351580474164026,0.311739023127652,0.97064355701609,0.970865185383601,0.942364036923825,5.68370330170512,1.75312572659542,0.465465465465466,0.386776859504132,FALSE
UPKERN2,UPKERN,fish,2015-07-08T06:20:00Z,2015-07-08,06:20:00,2015,7,8,6,20,0,0.394269824249487,56.1618012498669,25.172787033177,0.398551630289878,0.28466063270516,0.900698976701881,0.992531116106038,0.893971760621485,3.18313086419753,1.66646882656676,0.547425474254743,0.741157024793388,FALSE
CENTER2,CENTER,fish,2015-07-10T07:50:00Z,2015-07-10,07:50:00,2015,7,10,7,50,0,0.215552468720512,37.8013044874626,30.1493484758631,0.345112426435911,0.326656279437355,0.957427501886082,0.986878310687752,0.944864435667331,1.10616367759225,1.49111148467323,0.617283950617284,1.33157024793388,FALSE
BARRET1,BARRET,fishless,2015-07-09T08:30:00Z,2015-07-09,08:30:00,2015,7,9,8,30,0,0.105051381152511,43.7866870678294,37.8602234328237,0.409038112450074,0.397385188816913,0.865008150765335,0.999663298049911,0.864716900834129,0.357889273356401,0,0.888888888888889,0.349090909090909,FALSE
UPKERN1,UPKERN,fishless,2015-07-12T07:10:00Z,2015-07-12,07:10:00,2015,7,12,7,10,0,0.150645976718364,46.1427929564079,28.2584290447108,0.387806337897302,0.318077705709655,0.916489212184281,0.999878880576614,0.916378207539362,0.743105477591672,0,0.888888888888889,0.211570247933884,FALSE
CENTER1,CENTER,fishless,2015-07-10T08:20:00Z,2015-07-10,08:20:00,2015,7,10,8,20,0,0.170603931714896,45.42496516177,28.3619063010845,0.395590107858453,0.329018636962506,0.899844158817007,0.990737680735872,0.891509514930083,1.10337547623092,1.35220939923383,0.648148148148148,0.698181818181818,FALSE
AMPHIT1,AMPHIT,fishless,2015-07-12T08:10:00Z,2015-07-12,08:10:00,2015,7,12,8,10,0,0.140021479801364,33.9511625508246,28.6172584326827,0.316075838983939,0.297138468304827,0.848206739400078,0.999920639870597,0.848139425603479,0.716088780522788,0.693147180559945,0.777777777777778,0.793388429752066,FALSE
UPKERN2,UPKERN,fish,2015-07-10T09:10:00Z,2015-07-10,09:10:00,2015,7,10,9,10,0,0.273036034742836,32.589959640087,24.3302787702175,0.282350413077135,0.268859661702168,0.923322413128713,0.997200010638198,0.920737120194439,1.70430039645464,1.34189521299794,0.666666666666666,0.217520661157025,FALSE
UPKERN2,UPKERN,fish,2015-07-09T06:40:00Z,2015-07-09,06:40:00,2015,7,9,6,40,0,0.204680966993511,33.3235783594159,26.5597650496448,0.29485613191616,0.281148827199525,0.877729051080669,0.999623959405106,0.877398989326145,1.11906153682644,0.325082973391448,0.866666666666667,4.56264462809917,FALSE
AMPHIT1,AMPHIT,fishless,2015-07-12T07:00:00Z,2015-07-12,07:00:00,2015,7,12,7,0,0,0.204079157676309,34.3107047782577,28.9348452629244,0.319426278662336,0.298989778400928,0.89110054272234,0.985753945179376,0.87840587554003,3.12636717423162,1.69967689875673,0.440740740740741,0.191735537190083,FALSE
WRIGHT1,WRIGHT,fishless,2015-07-09T08:50:00Z,2015-07-09,08:50:00,2015,7,9,8,50,0,0.169730091579904,50.9051971536899,28.7608320419222,0.400254085395204,0.340745027691619,0.877645929095078,0.99277546022294,0.871305341170155,1.08673262382572,1.02965301406457,0.733333333333334,0.941157024793388,FALSE
AMPHIT1,AMPHIT,fishless,2015-07-10T06:50:00Z,2015-07-10,06:50:00,2015,7,10,6,50,0,0.272902295549903,44.5509298996932,29.4722952756786,0.367122363991027,0.306992196193772,0.911136639541727,0.967774174534654,0.881774509220773,4.30327929803688,1.78264817005288,0.444444444444445,0.466115702479339,FALSE
WRIGHT2,WRIGHT,fish,2015-07-10T08:20:00Z,2015-07-10,08:20:00,2015,7,10,8,20,0,0.224786079992335,43.6170993107675,29.2211043175698,0.356267669683046,0.302415858947033,0.82669373560236,0.990975530001513,0.819233262787479,1.60292725797728,1.14549081296617,0.729166666666667,1.3504132231405,FALSE
WRIGHT1,WRIGHT,fishless,2015-07-10T06:40:00Z,2015-07-10,06:40:00,2015,7,10,6,40,0,0.131967106930093,38.1484016453923,28.4577103427696,0.352707196090747,0.343667793345221,0.900306808529986,0.999964290278664,0.900274658824737,0.52828792980308,0,0.888888888888889,0.740495867768595,FALSE
WRIGHT2,WRIGHT,fish,2015-07-09T06:50:00Z,2015-07-09,06:50:00,2015,7,9,6,50,0,0.181213259641129,55.6132667665216,28.2602718671778,0.397187043431473,0.30301169246306,0.892600867003999,0.995180913806119,0.888299346489174,1.38167467583022,1.47704540483989,0.61437908496732,0.208264462809917,FALSE
WRIGHT2,WRIGHT,fish,2015-07-12T06:10:00Z,2015-07-12,06:10:00,2015,7,12,6,10,0,0.363538100462127,34.8652517315936,28.9901401673673,0.319613391141765,0.300275283739414,0.922163147338858,0.98065297240125,0.904322031476742,3.27228064502086,1.61690699607156,0.572706935123042,0.348099173553719,FALSE
UPKERN1,UPKERN,fishless,2015-07-10T06:20:00Z,2015-07-10,06:20:00,2015,7,10,6,20,0,0.184557996929226,43.5589499997199,28.8597120091436,0.351142854947477,0.30907523051953,0.951613083080158,0.999341853430732,0.950986782194258,0.95965958399820706,0.388774193706974,0.861111111111111,0.0833057851239669,FALSE
UPKERN1,UPKERN,fishless,2015-07-12T08:00:00Z,2015-07-12,08:00:00,2015,7,12,8,0,0,0.168738242766905,51.0313187266551,28.6701397789833,0.438232712402837,0.334844830537131,0.860762037652868,0.995078706023641,0.856525974621888,1.29573014829425,1.35220939923383,0.648148148148148,0.420165289256198,FALSE
CENTER1,CENTER,fishless,2015-07-12T09:00:00Z,2015-07-12,09:00:00,2015,7,12,9,0,0,0.238202359150101,58.5001577803165,28.7608668804564,0.457321285973669,0.308719391604842,0.861571466581296,0.997445912603642,0.85937093775744,0.965623144489262,0.979692587259427,0.770975056689342,2.55867768595041,FALSE
WRIGHT2,WRIGHT,fish,2015-07-12T09:10:00Z,2015-07-12,09:10:00,2015,7,12,9,10,0,0.152599194156525,57.4379306763129,29.3894538925881,0.427287499197128,0.301564155926014,0.771563566874996,0.999935470965978,0.771513778623339,0.87375598639819,1.03972077083992,0.722222222222222,3.27206611570248,FALSE
UPKERN1,UPKERN,fishless,2015-07-11T08:40:00Z,2015-07-11,08:40:00,2015,7,11,8,40,0,0.217599082780027,46.2314333241442,29.4960476875593,0.386441624055752,0.321930659773958,0.914132664035465,0.983101441527329,0.898685139760483,1.28798805106303,1.17704860139409,0.714714714714715,0.426446280991736,FALSE
WRIGHT1,WRIGHT,fishless,2015-07-11T08:10:00Z,2015-07-11,08:10:00,2015,7,11,8,10,0,0.540793135738162,38.6720661540867,35.9304454631646,0.3579335014514,0.333728875358902,0.586180800261147,0.841274758195777,0.493139110998704,1.54846038378839,0.925114076901104,0.761539864988141,0.226446280991736,FALSE
AMPHIT2,AMPHIT,fish,2015-07-10T08:00:00Z,2015-07-10,08:00:00,2015,7,10,8,0,0,0.183142476178233,39.9007174803031,31.3376450835092,0.370453671378969,0.36117600632518,0.915316089742494,0.999287236205726,0.914663685573409,0.892778827977316,1.14915237653302,0.705882352941176,2.4297520661157,FALSE
CENTER1,CENTER,fishless,2015-07-11T08:00:00Z,2015-07-11,08:00:00,2015,7,11,8,0,0,0.213708704691017,36.3944005480788,28.7298721284902,0.339127649315091,0.306585856495811,0.932160161966485,0.987743310375335,0.920734964180785,2.24205571301927,1.53958438944364,0.558404558404559,0.635371900826446,FALSE
AMPHIT2,AMPHIT,fish,2015-07-12T07:20:00Z,2015-07-12,07:20:00,2015,7,12,7,20,0,0.252237427639746,39.8868041277597,38.7686789036464,0.380800791570257,0.363387007230502,0.841869177859923,0.819373347205234,0.689805166172003,2.0977200225183,2.03624939226301,0.231941161019175,0.135537190082645,FALSE
AMPHIT2,AMPHIT,fish,2015-07-11T06:30:00Z,2015-07-11,06:30:00,2015,7,11,6,30,0,0.173358583982755,43.2756295978534,31.6212736568254,0.39683321998839,0.371687240944582,0.928966333608591,0.999271126563892,0.928289234724985,1.50858701717403,1.5808185358593,0.513888888888889,3.30578512396694,FALSE
UPKERN2,UPKERN,fish,2015-07-11T07:00:00Z,2015-07-11,07:00:00,2015,7,11,7,0,0,0.185339368712688,33.5242483483322,27.8415132475708,0.303373315972854,0.293573815243778,0.865532566219413,0.999268333596884,0.864899285119908,0.898838694914284,0,NaN,3.66677685950413,FALSE
BARRET1,BARRET,fishless,2015-07-09T06:30:00Z,2015-07-09,06:30:00,2015,7,9,6,30,0,0.143553529585308,57.8991751633251,38.5642954013128,0.485091963202326,0.410787569229792,0.836302442864352,0.9990838080229,0.835536229275771,0.531713539812507,0,0.888888888888889,0.641322314049587,FALSE
AMPHIT1,AMPHIT,fishless,2015-07-11T06:40:00Z,2015-07-11,06:40:00,2015,7,11,6,40,0,0.226238893378632,29.6275410758764,29.3268359079823,0.304304924878806,0.294962567665611,0.906714385206608,0.967698158683387,0.877425841016174,3.79702151130723,1.8134115053791,0.386192017259979,0.148099173553719,FALSE
WRIGHT1,WRIGHT,fishless,2015-07-10T09:00:00Z,2015-07-10,09:00:00,2015,7,10,9,0,0,0.127315633476401,42.5164141532567,29.2916196516219,0.360818535687912,0.327512364969048,0.79434484301202,0.999977376399337,0.794326872071504,0.517472585546306,0,NaN,4.16528925619835,FALSE
AMPHIT1,AMPHIT,fishless,2015-07-09T08:40:00Z,2015-07-09,08:40:00,2015,7,9,8,40,0,0.265829894511458,49.5541043627259,29.3350199824252,0.411556780034999,0.3178418983681,0.874346411232794,0.974937080636121,0.852432737631969,3.6588250147294,1.6818999172516,0.525573192239859,0.966942148760331,FALSE
UPKERN2,UPKERN,fish,2015-07-09T08:20:00Z,2015-07-09,08:20:00,2015,7,9,8,20,0,0.46271455658768,42.7205775837724,24.3066353394644,0.355515941845464,0.283245021961257,0.943350792317492,0.991419740421246,0.935256597645585,2.69372032607722,1.83867808801413,0.424074074074074,0.0727272727272727,FALSE
CENTER2,CENTER,fish,2015-07-10T07:20:00Z,2015-07-10,07:20:00,2015,7,10,7,20,0,0.213880742053845,34.8898345543338,29.7948559037783,0.330790570433975,0.322106196478265,0.952349489347287,0.997902630108174,0.950352060201834,0.9677663601947,1.40471664913433,0.623306233062331,1.7401652892562,FALSE
UPKERN2,UPKERN,fish,2015-07-09T06:50:00Z,2015-07-09,06:50:00,2015,7,9,6,50,0,0.255561957228183,33.1094551552671,26.5649420836893,0.292303318439291,0.276365053793657,0.897405680903448,0.992733489970867,0.890884673522962,1.586775,1.19427268434832,0.701754385964912,1.50710743801653,FALSE
BARRET2,BARRET,fish,2015-07-12T08:40:00Z,2015-07-12,08:40:00,2015,7,12,8,40,0,0.18130300602231,47.0908294283523,30.0844786028995,0.380244660938493,0.318369314133228,0.877345761864672,0.963045021611006,0.844923468195288,1.11569303985723,1.80287243818273,0.444444444444445,0.618842975206612,FALSE
BARRET2,BARRET,fish,2015-07-09T08:30:00Z,2015-07-09,08:30:00,2015,7,9,8,30,0,0.361728801677276,40.7664753558218,42.2758105595902,0.377611469450699,0.362171170929188,0.43657939384323,0.388991017980914,0.169825462840568,2.21517088013582,1.46471310760771,0.618093503339405,0.0181818181818182,FALSE
WRIGHT2,WRIGHT,fish,2015-07-11T08:40:00Z,2015-07-11,08:40:00,2015,7,11,8,40,0,0.212500306807232,51.216423275776,29.2907517449433,0.350905550855003,0.29644585446084,0.805337583849245,0.999453817631948,0.804897722660617,1.89439561631944,1.37469269292449,0.651340996168582,2.03636363636364,FALSE
UPKERN1,UPKERN,fishless,2015-07-12T07:30:00Z,2015-07-12,07:30:00,2015,7,12,7,30,0,0.157701592411243,53.2566740973118,28.2791323969935,0.466001714510464,0.375554519292154,0.90454564266606,0.999500896485883,0.904094180757126,0.83010612244898,0.233791658706459,0.875,0.0942148760330579,FALSE
WRIGHT2,WRIGHT,fish,2015-07-12T07:40:00Z,2015-07-12,07:40:00,2015,7,12,7,40,0,0.146531871801893,32.3948266457882,28.2319822976635,0.306525595763307,0.291192892285629,0.861536859089884,0.999620511121498,0.86120991543344,0.772835319232691,1.56071040904141,0.518518518518518,0.386776859504132,FALSE
UPKERN2,UPKERN,fish,2015-07-11T07:20:00Z,2015-07-11,07:20:00,2015,7,11,7,20,0,0.38775250920184,33.2362799680413,28.3911735363017,0.299965716453462,0.289861481646601,0.912072486630959,0.990257915226148,0.903186999146302,1.18210672485618,0.858331743476024,0.775322283609576,0.27504132231405,FALSE
BARRET1,BARRET,fishless,2015-07-11T07:50:00Z,2015-07-11,07:50:00,2015,7,11,7,50,0,0.176487579363358,37.7483010668593,32.5152870847554,0.346392308002956,0.325163289506217,0.983108387616368,0.922667135869216,0.907081800250997,0.739442567567567,1.10328763970136,0.737945492662474,0.206280991735537,FALSE
BARRET1,BARRET,fishless,2015-07-09T09:10:00Z,2015-07-09,09:10:00,2015,7,9,9,10,0,0.150070072314502,47.640823429679,37.884934255935,0.428956236639492,0.39782508623452,0.871364426735113,0.998378388821803,0.869951412440436,0.625286376471842,1.1730688430260101,0.714285714285715,0.152727272727273,FALSE
WRIGHT1,WRIGHT,fishless,2015-07-11T08:30:00Z,2015-07-11,08:30:00,2015,7,11,8,30,0,0.291453210379218,37.6344310848666,30.6659220968718,0.345772341081542,0.330575521131294,0.80863415690716,0.955068190578596,0.77230076107737,0.896141831311615,0.838465385276113,0.774774774774775,0.320661157024793,FALSE
CENTER2,CENTER,fish,2015-07-11T07:00:00Z,2015-07-11,07:00:00,2015,7,11,7,0,0,1.23622954818697,36.3438353381501,53.8217140084241,0.353834587474603,0.323929151348202,0.630339681688362,0.441873674468659,0.278530511311042,36.0831542660155,2.1451318349679,0.17989417989418,0.36099173553719,FALSE
WRIGHT1,WRIGHT,fishless,2015-07-11T07:00:00Z,2015-07-11,07:00:00,2015,7,11,7,0,0,0.710246447782941,36.624079659011,36.6082228658173,0.354357138800392,0.337678271618761,0.752860707316834,0.828589304992603,0.623812330231895,9.19350027088068,1.28419753754599,0.681951793062904,0.182479338842975,FALSE
WRIGHT1,WRIGHT,fishless,2015-07-09T08:00:00Z,2015-07-09,08:00:00,2015,7,9,8,0,0,0.134841663260064,53.1480575313717,28.4374730147527,0.400729309489379,0.34078463492152,0.880522059711885,0.999962077853288,0.880488668425154,0.479138665675312,0,0.888888888888889,0.990413223140496,FALSE
AMPHIT2,AMPHIT,fish,2015-07-10T08:50:00Z,2015-07-10,08:50:00,2015,7,10,8,50,0,0.170623390528521,55.5879584407809,30.8265846645778,0.496170618794526,0.40694329058167,0.926039217404995,0.999140283818209,0.925243086504819,0.822171143561084,1.20685185657139,0.675555555555556,1.31900826446281,FALSE
WRIGHT2,WRIGHT,fish,2015-07-11T07:10:00Z,2015-07-11,07:10:00,2015,7,11,7,10,0,0.340009146268048,30.4866436854437,29.9953798226559,0.306256029272113,0.294622046706266,0.93324175781678,0.880317051229101,0.821548632325131,5.93048095703125,1.89555345975457,0.395061728395062,0.0396694214876033,FALSE
BARRET2,BARRET,fish,2015-07-11T07:40:00Z,2015-07-11,07:40:00,2015,7,11,7,40,0,0.205965165764143,37.5208428890381,32.9015084970941,0.347035678629074,0.331266208642511,0.983797266196566,0.880714185980046,0.866444208467703,0.745278301962872,1.43930445263643,0.637806637806638,0.919669421487603,FALSE
WRIGHT2,WRIGHT,fish,2015-07-09T08:30:00Z,2015-07-09,08:30:00,2015,7,9,8,30,0,0.347411903285257,38.3791725361019,30.8733164398789,0.332579825924597,0.301527852225556,0.91098837063054,0.769398775080375,0.700913336475604,5.42648138009761,1.85750350111073,0.427160493827161,0.163636363636364,FALSE
BARRET2,BARRET,fish,2015-07-10T08:40:00Z,2015-07-10,08:40:00,2015,7,10,8,40,0,0.339872024463144,46.7390963141879,32.3478881836768,0.396249943005694,0.342658859762646,0.926647917574708,0.896002524179337,0.830278873172465,2.55708923944521,1.39333033640431,0.644122383252818,0.756363636363636,FALSE
UPKERN1,UPKERN,fishless,2015-07-11T06:30:00Z,2015-07-11,06:30:00,2015,7,11,6,30,0,0.191507088996845,34.3663547261841,29.9958443010836,0.327752553070895,0.321327239949858,0.970826855108875,0.99927303053244,0.970121093626924,0.86895028562934,0.876604302054336,0.782608695652174,3.07438016528926,FALSE
BARRET1,BARRET,fishless,2015-07-09T08:10:00Z,2015-07-09,08:10:00,2015,7,9,8,10,0,0.160416208461801,47.4012885897916,38.2679790661588,0.430893226709772,0.402470831536065,0.873600512762181,0.998840308057319,0.872587405286408,0.428821324448147,0.881721481547744,0.787037037037037,0.416528925619835,FALSE
BARRET1,BARRET,fishless,2015-07-11T06:20:00Z,2015-07-11,06:20:00,2015,7,11,6,20,0,0.242975047023381,36.2911561904952,32.8661366034507,0.343772832629396,0.335331197907787,0.974313768201956,0.987240845523428,0.961882348324816,0.713125000000001,1.37142418900893,0.644444444444444,1.61818181818182,FALSE
CENTER1,CENTER,fishless,2015-07-12T08:00:00Z,2015-07-12,08:00:00,2015,7,12,8,0,0,0.18604640845279,45.871916214229,28.0875844634344,0.351878795447361,0.294107667100671,0.878525515508021,0.993498403558001,0.872813697142189,1.94226335661064,1.88487133357816,0.358974358974359,0.309421487603306,FALSE
